{"assets/images/cheetsiLogo.png":["assets/images/cheetsiLogo.png"],"assets/images/email.png":["assets/images/email.png"],"assets/images/facebook.png":["assets/images/facebook.png"],"assets/images/google.png":["assets/images/google.png"],"assets/images/graph.png":["assets/images/graph.png"],"assets/images/home_bg.png":["assets/images/home_bg.png"],"assets/images/insta.png":["assets/images/insta.png"],"assets/images/login_bg.png":["assets/images/login_bg.png"],"assets/images/logo.png":["assets/images/logo.png"],"assets/images/password.png":["assets/images/password.png"],"assets/images/person.png":["assets/images/person.png"],"assets/images/phone.png":["assets/images/phone.png"],"assets/images/posting.png":["assets/images/posting.png"],"assets/images/profile.png":["assets/images/profile.png"],"assets/images/profile_picture.png":["assets/images/profile_picture.png"],"assets/images/search.png":["assets/images/search.png"],"assets/images/signup_bg.png":["assets/images/signup_bg.png"],"assets/images/uploadfile.png":["assets/images/uploadfile.png"],"assets/images/videoicon.png":["assets/images/videoicon.png"],"assets/images/youtube.png":["assets/images/youtube.png"],"packages/cupertino_icons/assets/CupertinoIcons.ttf":["packages/cupertino_icons/assets/CupertinoIcons.ttf"],"packages/timezone/data/latest_all.tzf":["packages/timezone/data/latest_all.tzf"]}